{"cameraMode":{"drawMode":0,"name":"Shaded","section":"Shading Mode"},"sceneLighting":true,"audioPlay":false,"sceneViewState":{"showFog":true,"showMaterialUpdate":false,"showSkybox":true,"showFlares":true,"showImageEffects":true,"showParticleSystems":true},"in2DMode":false,"pivot":{"x":126.06143188476563,"y":-34.534305572509769,"z":90.95405578613281},"rotation":{"x":-0.0977611392736435,"y":-0.44919201731681826,"z":0.04952478036284447,"w":-0.8867011070251465},"size":81.39410400390625,"orthographic":false}